[
  { "mobile": "9876543211", "name": "Priya Patel", "balance": 98000, "password": "priya@123" },
  { "mobile": "9876543212", "name": "Amit Kumar", "balance": 156000, "password": "amit@123" },
  { "mobile": "9876543213", "name": "Sneha Singh", "balance": 87000, "password": "sneha@123" },
  { "mobile": "9876543214", "name": "Vikram Reddy", "balance": 210000, "password": "vikram@123" },
  { "mobile": "9876543215", "name": "Anjali Desai", "balance": 145000, "password": "anjali@123" },
  { "mobile": "9876543217", "name": "Kavya Nair", "balance": 72000, "password": "kavya@123" }
]
